{
  "modelType": "LOGISTIC_REGRESSION",
  "modelId": "mods_female_like_wo_weight_mlc0_123456",
  "description": "This model is built for FEMALE with MLC type 0",
  "featureProducers": [
    {
      "producerName": "com.tantan.ranker.relevance.producer.PassThroughFeatureProducer",
      "description": "pass through features",
      "parameters": {
        "actor_feature_indices": [21001, 21003, 21004, 21005, 21006, 21007, 21008],
        "receiver_feature_indices": [21001, 21002, 21003, 21004, 21005, 21006, 21007, 21008, 21009]
      }
    },
    {
      "producerName": "com.tantan.ranker.relevance.producer.OneHotFeatureProducer",
      "description": "encode bucketized features",
      "parameters": {
        "actor_feature_indices": [32001, 30006, 30002, 30001, 10002, 30003, 30004, 30005, 10006, 30007, 30008, 30009, 30010],
        "receiver_feature_indices": [32001, 30006, 30002, 30001, 10002, 30003, 30004, 30005, 10006, 30007, 30008, 30009, 30010]
      }
    },
    {
      "producerName": "com.tantan.ranker.relevance.producer.CrossFeatureProducer",
      "description": "produce cross features",
      "parameters": {
        "actor_feature_indices": [10001, 10002, 10006, 32001],
        "receiver_feature_indices": [10001, 10002, 10006, 32001]
      }
    },
    {
      "producerName": "com.tantan.ranker.relevance.producer.IsSameFeatureProducer",
      "description": "produce is_same features",
      "parameters": {
        "actor_feature_indices": [10005],
        "receiver_feature_indices": [10005]
      }
    }
  ],
  "modelContent": "{\"actor_30001_[5243:8059]\": -0.17170609294549802, \"32001_x_32001_[24:26]_[18:20]\": -0.13035434693619144, \"actor_30001_[null]\": 0.0002049447710032909, \"receiver_30005_[1887:5867]\": -0.0388859512630308, \"actor_10006_[0]\": -0.1571595497469106, \"actor_30005_[1887:5867]\": -0.028723155958380455, \"actor_30008_[3:13]\": -0.10329241145025585, \"receiver_32001_[30:34]\": -0.0846847655986391, \"actor_30008_[144:270]\": 0.02052206182911222, \"receiver_32001_[27:29]\": -0.04771071565234684, \"actor_30001_[0:466]\": 0.3188308946633784, \"actor_30003_[0:81]\": -0.22444614755165215, \"receiver_30003_[0:81]\": -0.23061927269774063, \"32001_x_32001_[18:20]_[30:34]\": -0.01808287884717538, \"receiver_32001_[35:38]\": -0.030786418585702358, \"actor_30005_[0:366]\": 0.00016024885054549654, \"actor_30010_[2:12]\": -4.015243521527197e-05, \"receiver_30003_[309:789]\": 0.001923656254363543, \"receiver_30004_[17:40]\": -0.11521967050413771, \"actor_30001_[466:1161]\": 0.09781031230370348, \"actor_10006_[1]\": -0.005424474150833842, \"10002_x_10002_[ordinary]_[vip]\": 1.8749092273878916e-05, \"10001_x_10001_[female]_[male]\": 0.0076284020217414275, \"receiver_30003_[>3723]\": 0.015341511320689024, \"receiver_30006_[24:79]\": 4.244118455220881e-05, \"actor_10006_[-1]\": 0.055099182020128534, \"actor_10006_[2]\": -0.008655603728059473, \"actor_30003_[null]\": 0.0002049447710032909, \"receiver_30001_[2211:5243]\": -0.008271741740867929, \"receiver_30002_[15:64]\": 0.023795753333861178, \"actor_30008_[null]\": 0.0002049447710032909, \"receiver_30008_[0:3]\": -0.01387453378859807, \"10002_x_10002_[ordinary]_[ordinary]\": -0.02370673386308264, \"receiver_30004_[0:6]\": -0.5652413216871531, \"receiver_10006_[1]\": -0.022579773262005675, \"actor_30004_[>233]\": 0.2776047266377967, \"receiver_30005_[366:882]\": 0.00725574913611721, \"32001_x_32001_[16:17]_[18:20]\": 8.031211170550126e-07, \"actor_21008\": -0.12511245688046738, \"actor_30007_[null]\": 0.0002049447710032909, \"actor_32001_[16:17]\": 0.0001581627367791934, \"actor_30009_[1:5]\": -0.0002508782493371228, \"receiver_30006_[4:11]\": -0.02239113586153899, \"actor_30004_[6:17]\": -0.12634812369514783, \"receiver_30002_[64:470]\": 0.07136005501662142, \"intercept\": -1.780973792045658, \"actor_30006_[>135]\": 0.010100585026135325, \"actor_30008_[13:36]\": -0.07203565809622275, \"actor_30008_[0:3]\": -0.1124657377669901, \"receiver_10002_[ordinary]\": -0.2081835652833971, \"receiver_30005_[null]\": -0.030543922630708757, \"actor_30010_[null]\": 0.0002049447710032909, \"actor_32001_[39:45]\": -0.03703106177356576, \"actor_30005_[null]\": 0.0002049447710032909, \"actor_30006_[11:24]\": -0.021339607871428197, \"actor_30004_[17:40]\": -0.022660359521515544, \"receiver_30008_[null]\": -0.030543922630708757, \"receiver_30002_[0:15]\": -0.15191056259191457, \"10006_x_10006_[-3]_[4]\": 0.002223215512706028, \"receiver_21001\": -0.15002584119988327, \"receiver_21003\": -0.7934545536992097, \"receiver_21002\": 1.5442438896060213, \"receiver_21005\": -0.021190490297149832, \"receiver_21004\": 0.8081581022804223, \"receiver_21007\": 2.902141308602649, \"receiver_21006\": -0.0032192208712535637, \"receiver_21009\": -0.22917397629660066, \"receiver_21008\": -0.08009991560636244, \"receiver_30005_[5867:9423]\": -0.06593257849001442, \"is_same_10005\": 0.004304964567507819, \"32001_x_32001_[18:20]_[27:29]\": -0.03474411920793245, \"32001_x_32001_[18:20]_[18:20]\": 0.07358025418453737, \"actor_30009_[5:27]\": -0.00014480979309519954, \"receiver_30009_[null]\": -0.030543922630708757, \"receiver_30003_[81:309]\": -0.0045717904349231965, \"receiver_30006_[null]\": -0.030543922630708757, \"32001_x_32001_[30:34]_[18:20]\": -0.06104116268861602, \"actor_30001_[2211:5243]\": -0.05577692072419436, \"receiver_30010_[null]\": -0.030543922630708757, \"actor_30006_[0:4]\": -0.1914604888358179, \"32001_x_32001_[27:29]_[21:23]\": -0.022192680017248754, \"actor_32001_[30:34]\": -0.020088567398612145, \"actor_32001_[18:20]\": 0.0001886788648106444, \"receiver_30005_[0:366]\": 0.18728093273114862, \"receiver_30002_[3131:5313]\": -0.228425100565012, \"receiver_30002_[null]\": -0.030543922630708757, \"receiver_30008_[36:144]\": 0.0018226118719136919, \"32001_x_32001_[30:34]_[21:23]\": -0.047646684429603986, \"actor_32001_[27:29]\": -0.01622349382958755, \"receiver_30001_[null]\": -0.030543922630708757, \"receiver_30006_[>135]\": 0.15194185942047006, \"actor_30006_[4:11]\": -0.08578549919090558, \"actor_30002_[null]\": 0.0002049447710032909, \"actor_10006_[-3]\": 0.0025481550377093767, \"receiver_30007_[null]\": -0.030543922630708757, \"actor_30009_[null]\": 0.0002049447710032909, \"32001_x_32001_[18:20]_[21:23]\": 0.0537337373642545, \"actor_32001_[35:38]\": -0.04271392381225571, \"actor_10002_[ordinary]\": -0.02260430040541046, \"actor_30006_[null]\": 0.0002049447710032909, \"receiver_30004_[>233]\": 0.2699195716967838, \"actor_30005_[5867:9423]\": -0.030570041211438255, \"actor_30004_[null]\": 0.0002049447710032909, \"receiver_30002_[470:3131]\": -0.18572374533647446, \"receiver_30004_[null]\": -0.030543922630708757, \"32001_x_32001_[27:29]_[18:20]\": -0.12541576659159157, \"actor_21001\": 0.4895064450788714, \"actor_21003\": 0.4703532994880483, \"actor_21004\": 1.2215279393317438, \"actor_21005\": -0.08627831767781212, \"actor_21006\": -0.08105350473885294, \"actor_21007\": 0.7650809436958379, \"actor_30004_[133:233]\": 0.1401145167247261, \"receiver_30003_[null]\": -0.030543922630708757, \"receiver_30004_[6:17]\": -0.317401363108274}"
}
